visitas_ultimos_30d,compras,gasto_publicitario_dirigido,puntuacion_satisfaccion,edad_cliente,estado_suscripcion,region,tipo_dispositivo,ingresos_mensuales
12,1,26.75,4.2,37,Yes,North,mobile,34.59
6,0,0,2.8,35,No,North,mobile,0
11,1,31.11,3.1,43,Yes,North,mobile,25.35
14,2,29.74,2.7,29,No,North,mobile,38.14
7,1,46.61,2.8,34,No,East,desktop,24.25
8,0,3.73,2.5,39,No,West,mobile,0
9,0,9.05,2.8,32,No,East,mobile,0
11,0,18.76,4.6,46,No,East,desktop,0
8,0,14.29,2.8,60,No,South,mobile,0
10,1,20.54,3.6,29,Yes,East,mobile,15.4
7,1,22.75,3.1,18,Yes,South,mobile,24.59
11,0,8.51,4.4,18,No,West,mobile,0
11,0,15.91,4.5,36,Yes,East,mobile,0
8,0,4.88,4.2,30,No,East,desktop,0
12,2,9.13,3.7,40,No,South,desktop,44.3
6,0,8.85,3.3,40,No,West,desktop,0
7,1,16.56,2.5,19,No,North,desktop,31.46
8,0,16.41,5,18,No,South,mobile,0
10,2,38.97,2.9,42,No,East,mobile,50.41
5,1,22.72,4,40,Yes,South,mobile,25.3
3,0,4.57,4.3,33,No,West,desktop,0
9,0,9.94,3.1,18,Yes,South,desktop,0
13,1,22.95,4.3,44,Yes,South,mobile,32.63
8,0,22.39,4.1,53,No,West,mobile,0
6,1,6.85,4.9,41,Yes,South,mobile,35.12
13,2,25.73,3.1,28,Yes,South,mobile,53.77
12,2,19.43,2.5,39,Yes,South,desktop,47.3
13,2,30.09,3.1,22,No,North,mobile,67.49
9,1,8.3,3.7,51,No,East,desktop,38.24
14,0,33.26,3.5,39,Yes,North,mobile,0
8,1,19.24,3.2,18,No,West,desktop,15.3
8,0,11.43,2,34,Yes,East,desktop,0
12,2,48.68,3.9,44,No,North,desktop,68.91
15,1,32.54,5,34,Yes,East,mobile,29.72
13,0,0.91,3.9,35,No,East,mobile,0
13,4,49.58,4,23,No,North,mobile,70.61
10,0,18.3,4,45,No,North,mobile,0
8,3,20.11,3.8,30,Yes,South,mobile,76.21
15,4,14.64,4.2,18,No,East,desktop,116.66
9,2,37.22,3.8,34,Yes,East,mobile,49.7
7,1,21.89,3.2,50,No,South,mobile,20.21
8,1,5.79,2.9,33,Yes,East,mobile,20.87
13,2,13.76,3.3,59,Yes,East,desktop,63.95
15,1,51.19,3.8,43,Yes,East,desktop,28.32
8,1,9.88,3.2,42,Yes,East,mobile,28.62
7,1,4.14,3.8,36,No,South,mobile,22.15
9,1,0.5,3.9,37,No,West,desktop,11.15
6,0,13.25,4.2,35,No,East,desktop,0
16,1,41.84,4.5,34,No,West,mobile,23.77
10,1,36.25,3.6,44,No,South,desktop,28.35
18,3,33.93,2.5,27,Yes,North,desktop,118.07
10,0,7.13,3.2,25,Yes,South,mobile,0
8,2,27.87,3.5,25,Yes,South,mobile,81.23
11,1,30.1,2,63,Yes,East,mobile,25.06
3,1,0,4.6,44,No,South,mobile,25.35
15,2,41.08,3.6,42,Yes,West,mobile,56.69
6,1,18.62,3.8,25,Yes,East,mobile,36.62
7,0,31.72,4.6,45,Yes,East,mobile,0
9,2,23.99,3,37,No,North,mobile,44.25
11,0,8.17,4,41,Yes,West,mobile,0
8,2,14.96,3.4,26,No,West,mobile,37.14
12,4,42.69,3.4,40,No,East,mobile,121.15
10,0,15.44,2.9,33,No,South,mobile,0
11,0,28.28,4.8,29,Yes,South,mobile,0
12,2,27.55,3.2,47,Yes,North,mobile,44.19
16,1,7.93,4.1,20,Yes,South,desktop,29.75
8,2,38.88,2,45,No,North,mobile,48.76
7,0,11.55,4.4,46,Yes,East,desktop,0
13,0,33.21,4.3,27,No,East,mobile,0
10,3,23.83,3.6,28,No,South,mobile,76.74
15,2,42.14,3.3,35,No,South,mobile,61.76
8,2,14.07,3.8,41,No,West,desktop,61.95
11,1,26.25,5,36,No,North,desktop,24.1
11,1,21.91,2.1,43,No,East,desktop,18.15
5,1,21.13,4.1,59,No,North,desktop,26.34
10,1,0,2.8,32,No,North,mobile,28.11
11,1,32.03,3.5,18,No,North,mobile,27.03
12,1,5.7,3.3,48,No,East,mobile,22.44
8,0,38,3.2,58,No,South,mobile,0
11,0,23.14,3.5,43,No,West,mobile,0
11,2,40.85,2.6,25,Yes,South,desktop,56.45
5,0,15.68,4.3,37,Yes,North,desktop,0
8,1,0,2.1,25,Yes,East,mobile,21.32
13,0,16.53,3.9,46,Yes,North,mobile,0
11,1,36.15,3.2,22,No,East,mobile,32.21
7,1,16.21,2.6,34,No,North,desktop,21.27
8,0,32.22,3.7,26,Yes,South,mobile,0
11,0,28.88,2.3,40,No,East,desktop,0
15,0,14.47,3.5,34,No,West,desktop,0
8,1,3.12,2.4,40,No,South,mobile,20.42
14,3,37.62,3.9,38,No,West,mobile,83.55
6,0,0,2.8,26,No,North,mobile,0
16,2,52.31,3.1,46,Yes,West,desktop,41.04
11,1,35.74,3.7,37,No,East,mobile,19.64
6,0,30.79,2.9,26,No,North,desktop,0
14,3,17.29,3.5,65,No,South,mobile,60.31
12,1,40.4,2.3,44,No,North,desktop,26.02
9,1,47.07,4,36,No,South,mobile,19.77
10,0,5.01,4.9,55,No,North,mobile,0
13,0,41.66,5,60,Yes,East,desktop,0
15,1,41.65,3.6,36,Yes,West,desktop,28.71
9,0,10.12,4.1,42,No,North,desktop,0
11,1,21.78,2.1,26,No,South,mobile,23.62
10,1,29.53,4.7,36,No,East,desktop,29.88
8,1,10.48,4.1,36,No,West,desktop,26.51
1,0,14.21,3.1,40,No,South,mobile,0
13,1,18.96,4.5,42,No,South,desktop,41.6
6,1,4.54,3.3,45,No,South,mobile,29.92
13,3,30.65,3.1,41,Yes,North,desktop,113.33
11,0,25.02,3.9,23,No,North,mobile,0
10,2,23.58,2.6,27,No,South,desktop,47.18
10,1,34.58,4.3,31,Yes,North,mobile,20.72
13,1,46.05,2.7,35,Yes,East,mobile,20.32
9,1,32.38,2.7,51,No,South,mobile,33.47
9,0,16.06,2.8,24,Yes,South,mobile,0
6,0,17.03,4.1,34,No,North,mobile,0
10,1,12.79,3,49,Yes,West,mobile,18.78
12,1,54.51,2.4,34,No,West,desktop,18.55
17,3,44.48,3,44,No,North,desktop,69.88
10,1,55.3,3.5,36,No,South,desktop,25.92
9,0,26.64,2.6,41,No,East,desktop,0
9,1,13.98,2.6,35,No,North,mobile,26.16
3,0,20.31,5,46,No,South,mobile,0
10,1,20.48,2.8,19,No,North,mobile,23.85
10,1,37.76,3.2,34,No,West,mobile,23.87
6,2,28.49,3.2,42,Yes,West,desktop,41.67
9,2,26.36,3.2,44,No,East,mobile,41.94
11,1,23.71,4,56,No,South,desktop,33.15
9,1,33.71,4.3,33,Yes,West,mobile,17.92
10,3,31.43,3.3,56,Yes,West,desktop,102.24
11,0,41.48,2.5,30,Yes,West,mobile,0
16,0,22.82,4.5,54,Yes,North,mobile,0
9,0,30.78,3.4,48,No,North,desktop,0
10,0,21.18,4.9,27,Yes,East,mobile,0
16,2,52.84,1.7,42,No,South,desktop,53.22
7,1,26.38,3.7,37,No,North,mobile,29.43
5,1,11.41,5,46,No,North,mobile,36.52
5,0,20,3.2,35,No,West,desktop,0
4,1,0,3.3,34,No,West,mobile,23.06
14,1,53.23,3.7,54,No,South,desktop,21.88
13,2,46.92,3.1,37,Yes,West,mobile,62.87
8,1,26.14,3.3,48,Yes,East,mobile,23.78
12,1,45.7,3.2,35,Yes,West,mobile,29.81
9,0,9.63,3,58,No,South,mobile,0
14,0,29.97,4.5,30,No,North,mobile,0
12,2,26.94,3.9,31,No,South,mobile,48.1
10,2,33.76,3.7,56,Yes,South,mobile,67.34
9,1,18.57,4.1,33,Yes,East,desktop,23.45
15,0,45.84,3.3,57,No,North,desktop,0
17,1,37.42,2.9,49,Yes,West,mobile,20.88
11,2,14.28,3,36,No,North,mobile,46.86
8,1,23.35,3.5,18,No,North,mobile,26.01
5,0,23.28,2.7,38,No,South,mobile,0
9,0,31.76,3.1,39,Yes,South,mobile,0
8,1,28.31,3.1,52,Yes,South,mobile,26.7
6,0,6.06,5,57,No,East,desktop,0
11,0,20.25,1.3,30,Yes,South,desktop,0
5,0,0,3.4,48,No,East,mobile,0
12,1,13.11,4.9,47,Yes,East,mobile,29.29
9,2,10.1,3.6,51,Yes,North,desktop,63
9,3,5.95,4.1,44,No,East,mobile,108.33
13,1,29.7,3.6,18,Yes,West,desktop,22.65
9,1,19.4,3,36,No,North,desktop,35.75
5,0,21.82,1.7,24,No,South,mobile,0
3,0,5.32,3.7,36,No,West,mobile,0
12,1,15.74,2.9,50,No,South,desktop,21.18
18,2,62.32,2.9,42,Yes,South,desktop,40.88
8,0,11.35,3.1,52,No,West,mobile,0
11,0,20.38,4.9,42,No,North,desktop,0
9,0,31.73,5,22,No,North,mobile,0
3,0,8.61,3.7,18,Yes,West,mobile,0
10,0,31.26,3.1,40,Yes,West,desktop,0
8,0,24.08,2.6,35,Yes,South,desktop,0
10,4,11.82,3.9,26,No,South,mobile,89.02
11,1,46.99,4.9,18,No,West,desktop,29.09
12,1,34.01,3.3,29,Yes,East,mobile,24.67
8,2,19.92,1.6,36,No,North,mobile,34.83
12,4,34.25,4,46,No,North,mobile,115.93
11,1,27.31,4.3,40,No,South,mobile,41.03
3,1,13.1,2.2,57,No,West,mobile,20.68
9,0,49.66,3.6,26,No,West,mobile,0
11,0,36.16,3.9,49,Yes,West,desktop,0
14,1,40.08,3.4,39,No,West,desktop,23.09
9,1,28.82,2.9,46,Yes,East,mobile,28.06
14,2,36,4.3,33,No,South,mobile,48.38
9,0,10.87,3.2,51,No,East,mobile,0
17,0,22.39,2.3,42,No,East,desktop,0
7,1,9.7,1.9,30,No,South,mobile,19.49
11,0,12.08,4.5,38,Yes,North,mobile,0
10,1,25.48,4,35,Yes,West,mobile,24.67
10,1,32.53,3.6,44,No,South,mobile,33.78
10,1,11.7,3.1,24,Yes,South,mobile,18.84
14,2,25.93,3.1,38,No,East,desktop,43.75
6,1,13.78,2.6,43,Yes,East,desktop,21.3
13,1,42.53,3.2,38,Yes,North,mobile,25.42
12,2,11.23,1.8,54,Yes,West,mobile,41.61
6,1,22.55,2.9,47,No,North,mobile,17.37
8,0,31.24,3.3,38,No,North,desktop,0
9,0,27.36,4,41,No,South,mobile,0
15,1,64.27,3.5,42,Yes,East,desktop,22.95
10,1,37.91,4.1,43,No,West,mobile,31.56
9,1,16.25,4.6,18,Yes,West,mobile,34.33
10,2,27.95,4.3,34,No,West,mobile,55.61
10,0,23.76,3.9,20,No,North,mobile,0
11,0,26.97,3.5,53,No,North,mobile,0
4,2,25.21,2.7,37,No,East,mobile,44.42
6,0,2.78,4.1,36,No,North,mobile,0
6,0,5.7,4.8,49,No,West,mobile,0
7,1,36.15,3.8,43,No,East,mobile,23.02
15,1,54,5,24,No,West,mobile,43.67
12,0,31.61,2.3,37,Yes,North,mobile,0
7,0,22.66,2.6,34,No,South,desktop,0
6,0,18.17,4.2,18,Yes,South,mobile,0
6,1,29.1,3.7,30,No,North,mobile,14.84
6,1,12.73,4.6,36,No,East,mobile,24.43
7,0,29.02,3.5,37,Yes,South,mobile,0
10,1,48.73,2.8,20,Yes,South,mobile,23.34
11,2,37.09,3.3,52,No,South,desktop,46.45
4,0,8.35,2.3,37,No,North,mobile,0
7,1,30.74,2.6,38,No,South,mobile,25.85
9,1,14.81,4.3,43,No,South,desktop,31.32
11,0,52.59,4.2,29,Yes,North,desktop,0
10,0,30.76,3.8,43,No,South,desktop,0
10,1,19.42,2.1,34,No,North,desktop,18.79
5,1,6.27,3.2,27,No,South,desktop,11.83
10,2,29.83,2.5,45,Yes,North,mobile,44.71
8,1,34.48,4.4,56,No,South,mobile,33.64
7,1,12.58,3,47,No,East,mobile,21.94
6,0,18.98,2.6,49,No,East,desktop,0
11,1,10.77,3.5,32,No,West,desktop,24.9
13,1,39.61,3,19,Yes,South,mobile,25.73
5,0,15.57,4.7,56,No,South,mobile,0
11,2,40.45,2.9,63,No,West,desktop,52.34
9,1,13.79,2.4,57,No,South,desktop,14.2
8,0,2.51,1.8,34,No,East,mobile,0
11,3,28.56,3.5,24,No,South,desktop,90.16
11,0,11.02,3.1,25,No,South,mobile,0
5,0,27.95,2.4,18,No,East,mobile,0
7,0,33.72,4.5,37,No,North,mobile,0
7,1,17.26,4,57,No,South,mobile,30.6
5,1,24.7,3.5,36,No,North,mobile,28.57
13,1,38.94,4.6,42,Yes,South,desktop,23.98
6,1,13.48,4,55,No,North,desktop,14.34
16,1,46.21,2.8,33,No,East,desktop,26.2
11,2,30.01,2.7,62,No,East,mobile,47.02
13,1,22.99,4.2,62,No,East,mobile,24.83
8,0,20.8,3.8,36,No,South,mobile,0
10,3,19.2,3.6,31,Yes,West,mobile,78.79
8,0,25,2.8,46,No,East,mobile,0
6,0,16.52,4,34,No,South,mobile,0
10,1,26.1,2.9,24,No,West,mobile,19.16
8,3,2.6,3.4,53,Yes,East,desktop,115.33
8,0,20.69,4.7,53,No,East,mobile,0
7,0,25.44,3,40,No,North,desktop,0
13,1,19.26,2.2,23,Yes,South,mobile,22.16
10,1,32.33,2.7,23,No,West,desktop,23.05
6,0,18.6,4.3,39,Yes,South,mobile,0
16,2,43.3,3.7,32,No,East,mobile,48.25
6,3,8.47,3.4,34,No,East,mobile,87
7,0,23.09,3.1,50,No,West,desktop,0
12,1,28.48,3.9,47,Yes,North,mobile,37.82
9,1,31.9,2.8,55,No,East,mobile,28.14
9,0,8.63,3.7,26,No,North,desktop,0
9,2,31.99,2.9,34,No,East,mobile,43.71
10,1,46.65,2.8,47,Yes,East,mobile,29.68
12,1,24.33,3,43,No,North,mobile,23.44
9,1,30.93,3.2,56,Yes,East,desktop,26.06
15,1,23.94,3.5,43,No,South,mobile,34.83
11,1,38.28,3.7,60,No,North,mobile,21.17
6,0,0,1,44,No,South,mobile,0
11,2,40.24,2.9,51,No,North,mobile,53.84
6,2,4.73,3.2,34,No,South,desktop,56.3
7,1,15.63,4.7,38,Yes,South,mobile,26.61
8,2,8.45,2.6,49,No,East,mobile,68.03
6,0,26.66,3.6,57,No,East,mobile,0
13,1,5.69,4.7,47,No,East,mobile,37.78
7,1,22.96,2.4,37,No,North,mobile,29.21
12,1,25.92,3.8,55,No,West,mobile,37.26
12,1,26.13,2.9,18,No,East,mobile,16.89
7,0,25.02,3.1,21,No,North,desktop,0
7,0,6.78,2.9,46,Yes,West,mobile,0
11,1,33.85,2.9,38,Yes,North,mobile,15.46
6,0,31.37,5,45,No,East,mobile,0
10,1,23.53,4.2,39,No,South,mobile,25.27
16,1,46.38,4.4,45,Yes,South,desktop,29.59
12,0,40.58,3.9,28,Yes,West,mobile,0
11,1,25.37,2.2,45,No,South,mobile,22.15
9,1,9.86,3.8,50,Yes,North,desktop,23.72
9,2,18.57,4.4,53,No,West,mobile,60.55
6,1,7.91,2.8,62,Yes,West,mobile,26.8
14,1,56.39,4.3,41,Yes,East,mobile,30.74
11,2,32.46,4.1,41,Yes,South,mobile,53.52
3,0,0,5,20,No,North,mobile,0
13,0,2.09,3.2,32,No,East,mobile,0
8,1,32.99,2.6,36,Yes,North,mobile,30.82
8,2,9.41,3.2,51,Yes,North,mobile,52.91
12,1,18.33,4.6,31,No,South,mobile,27.13
7,0,17.14,2,48,No,North,desktop,0
6,0,12.6,1.8,38,Yes,North,mobile,0
10,0,25.18,3.6,36,Yes,South,desktop,0
15,1,35.64,3.1,41,No,North,mobile,25.95
11,1,41.97,3.5,33,No,North,desktop,23.93
6,0,22.82,4.3,33,No,North,mobile,0
10,3,30.88,3.1,18,No,North,mobile,72.91
7,1,13.26,2,35,Yes,East,desktop,16.2
11,1,23.59,5,32,Yes,West,desktop,31.09
13,2,7.22,2.7,32,No,South,mobile,35.61
10,0,26.43,2.7,43,No,South,mobile,0
9,1,40.3,4.4,46,Yes,North,mobile,36.33
6,1,8.04,3.2,41,No,North,desktop,24.07
9,2,14.97,3.4,50,Yes,North,mobile,39.82
11,2,22.22,3.9,45,Yes,South,desktop,53.12
12,0,41.47,4.4,34,Yes,East,desktop,0
7,2,29.53,3.2,32,Yes,East,desktop,57.06
13,0,28.87,4.7,42,No,South,mobile,0
11,2,13.14,1.8,45,No,North,mobile,59.05
5,2,14.04,4.1,55,Yes,East,desktop,68.41
14,0,13.74,2.8,52,No,South,mobile,0
12,2,40.33,4.6,32,No,East,desktop,66.3
8,0,27.58,3.6,37,No,South,mobile,0
7,0,3.01,3,46,No,East,desktop,0
7,1,0.53,4,51,Yes,West,mobile,25.51
9,1,41.53,4.2,49,No,West,mobile,32.29
13,3,25.36,4,37,No,South,desktop,106.14
7,1,26.61,2.7,23,No,South,mobile,28.12
11,1,35.12,3.1,26,No,North,desktop,29.91
11,2,21.17,3.5,41,Yes,West,mobile,62.19
10,3,29.56,3.5,42,No,South,mobile,87.43
13,0,27.9,4.1,25,Yes,North,mobile,0
14,4,24.91,1.9,39,Yes,South,mobile,119.28
9,0,20.85,3.8,46,Yes,North,mobile,0
8,2,2.57,3.3,24,No,South,desktop,49.09
11,0,35.4,2.8,51,Yes,East,desktop,0
6,0,9.48,2.9,33,No,South,mobile,0
5,0,12.66,3.3,53,No,North,mobile,0
8,1,12.32,1,32,No,West,desktop,19.19
11,1,48.15,2.9,26,Yes,East,desktop,18.56
7,0,27.15,2.8,33,No,West,desktop,0
14,2,43.02,3.9,37,No,South,desktop,60.51
11,2,21.28,2.9,33,No,East,mobile,56.69
9,0,11.83,3.3,35,No,South,mobile,0
10,0,41.03,4.7,42,No,North,mobile,0
5,0,9.3,4.3,36,No,North,mobile,0
7,0,12.34,4.2,37,No,South,desktop,0
8,2,20.98,3.1,18,Yes,North,mobile,45.8
12,2,35.97,3.9,43,No,West,desktop,52.53
11,1,19.33,3.3,37,No,North,desktop,16.76
12,1,39.89,3.3,57,No,South,desktop,24.81
11,2,37.88,3.8,27,No,South,desktop,61.44
10,1,15.45,3,18,Yes,South,mobile,26.7
8,2,17.07,4.7,45,No,East,desktop,76.29
5,1,23.39,3.4,42,No,North,mobile,24.63
12,2,1.73,4,26,No,East,mobile,60.36
12,1,27.32,4.7,20,Yes,South,desktop,33.89
13,1,21.51,4.3,56,No,East,mobile,41.49
8,2,20.32,2.4,55,No,East,desktop,48.36
9,1,20.08,3.9,18,Yes,West,desktop,21.56
15,2,30.4,4.2,33,Yes,West,desktop,65.5
17,1,28.54,4.2,58,No,East,mobile,38.45
7,1,1.47,2.6,32,No,South,desktop,22.45
14,1,62.58,3,32,No,South,mobile,29.21
13,0,54.93,4.3,35,Yes,East,desktop,0
7,0,7.9,2.9,25,No,West,mobile,0
16,2,54.79,3.3,18,No,North,desktop,52.79
7,1,18.43,4.8,51,No,South,mobile,25.38
15,1,35.16,3.5,18,No,East,mobile,25.82
12,0,35.1,2.9,41,No,South,mobile,0
16,2,33.09,2.8,49,No,South,mobile,57.9
8,0,27.41,3.8,21,Yes,South,desktop,0
7,0,20.83,2.4,27,No,East,mobile,0
8,0,16.87,3.3,53,Yes,West,mobile,0
4,0,0,3.8,44,No,South,mobile,0
10,0,16.47,4.5,31,Yes,North,mobile,0
8,0,3.43,4,52,No,North,mobile,0
14,0,51.84,2.9,52,No,North,desktop,0
7,0,9.68,4.4,41,Yes,East,mobile,0
14,1,37.4,3.3,27,Yes,South,mobile,18.63
14,1,49.48,2.5,33,No,North,mobile,13.81
16,1,60.05,3.4,41,Yes,East,mobile,33.84
13,2,35.54,4.7,36,No,East,mobile,64.48
10,0,24.26,3.6,49,No,North,mobile,0
13,1,49.33,3.5,20,Yes,South,desktop,20.6
9,0,27.34,4.8,20,No,West,mobile,0
7,0,3.13,2.4,40,Yes,South,mobile,0
8,1,6.58,2.5,32,No,East,mobile,16.22
8,1,21.98,2.2,30,No,South,mobile,29.55
2,1,14.89,3.8,18,No,East,desktop,27.86
9,1,16.27,3.6,38,No,East,mobile,24.4
13,3,27.68,4.7,37,Yes,East,desktop,81.12
9,0,18.64,3.7,46,No,West,mobile,0
17,0,31.77,3.2,39,No,West,mobile,0
11,0,5.23,3.5,36,Yes,East,mobile,0
16,0,40.11,3.6,52,Yes,North,mobile,0
11,1,42.46,2.2,22,No,South,mobile,28.88
7,1,8.42,5,44,No,East,mobile,21.7
7,0,18.14,3.9,18,No,East,mobile,0
13,3,16.07,3.7,28,No,North,mobile,66.61
9,2,29.26,4,23,Yes,North,mobile,51.93
12,1,30.95,4.1,47,Yes,East,mobile,28.12
13,0,26.33,3.4,37,No,North,desktop,0
7,0,30.83,3,38,Yes,South,mobile,0
11,0,39.07,4,25,No,East,desktop,0
8,0,20.37,3.8,34,Yes,East,mobile,0
11,1,30.91,2.9,29,Yes,North,mobile,36.69
5,0,18.22,4.6,43,Yes,North,mobile,0
9,0,24.04,3.7,26,No,North,mobile,0
12,4,7.85,4.1,54,No,North,mobile,143.76
5,1,22.81,4.6,18,No,East,mobile,20.61
12,3,30.93,3.5,28,Yes,South,mobile,73.48
14,0,29.63,3.8,58,No,North,mobile,0
10,1,50.2,4.1,33,No,North,desktop,21.31
13,1,32.87,2.9,22,No,North,mobile,23.36
12,0,22.93,3.5,41,No,West,mobile,0
8,0,0,3.6,32,No,South,mobile,0
13,2,36.67,2.7,28,Yes,West,desktop,48.76
12,1,24.23,5,25,No,West,mobile,26.27
11,1,13.81,2.4,71,No,South,mobile,21.76
14,1,36.74,2.5,35,No,East,desktop,22.65
13,1,38.41,4.6,18,Yes,North,desktop,33.7
8,0,30.41,4.1,56,Yes,East,mobile,0
14,1,38.13,2.7,45,Yes,North,mobile,28.25
11,0,32.7,4,29,Yes,West,desktop,0
11,0,16.03,4.7,27,Yes,North,desktop,0
13,3,35.52,3.5,46,No,East,mobile,100.61
13,1,25.54,5,35,No,North,mobile,23.28
18,2,52.41,2.1,18,No,West,mobile,41.19
12,1,45.85,4.1,59,No,South,mobile,37.54
8,0,28.13,4.4,33,Yes,East,desktop,0
4,0,6.41,4.2,56,No,South,mobile,0
8,0,23.52,3.3,53,Yes,South,desktop,0
12,0,32.95,3.3,26,No,East,desktop,0
13,2,21.81,3.9,50,Yes,West,mobile,25.97
10,1,9.37,4.2,30,No,North,mobile,35.47
12,1,35.54,4,18,Yes,West,mobile,23.57
9,1,31.49,4.3,33,No,East,mobile,30.11
12,3,35.38,2.7,43,Yes,West,desktop,69.46
5,0,0,3.3,32,No,South,mobile,0
11,0,10.6,2.7,34,No,South,mobile,0
17,1,46.01,3.2,52,No,West,mobile,20.73
9,2,25.67,4.3,39,Yes,South,desktop,68.77
9,4,24.09,3.6,28,No,South,mobile,102.87
15,1,40.35,5,46,No,North,mobile,26.87
7,2,21.2,3.7,40,Yes,North,desktop,43.5
11,2,19.66,3.5,18,No,East,mobile,65.06
14,0,29.71,3.6,43,Yes,East,desktop,0
19,1,48.31,3,43,No,East,mobile,30.92
13,1,33.4,3.5,38,No,North,desktop,28.84
6,2,11.34,4.4,49,No,South,mobile,60.3
15,0,33.09,3.6,30,No,South,mobile,0
13,2,44.57,2.9,42,Yes,South,mobile,47.07
5,0,17.27,2.8,19,No,West,mobile,0
12,2,35.95,3.1,43,No,East,mobile,32.06
7,0,5.07,3.6,61,No,North,mobile,0
4,0,14.26,4.5,26,No,West,desktop,0
8,2,12.65,2.4,29,No,South,desktop,58.24
8,1,0.86,3.2,29,No,East,mobile,30
9,2,9.81,3.6,40,Yes,North,mobile,58.9
11,0,25.71,2,25,No,East,mobile,0
13,2,33.58,2.8,43,Yes,North,desktop,42.97
10,0,10.3,3,48,No,South,mobile,0
6,0,20.4,2.9,44,Yes,North,mobile,0
11,1,34.88,3.7,18,Yes,North,desktop,28.37
11,1,6.58,3.4,50,No,North,desktop,22.62
8,1,23.4,3.1,49,No,North,mobile,20.55
5,3,2.55,3.8,48,No,North,desktop,88.73
9,0,34.01,4.9,42,No,East,desktop,0
11,1,34.67,4.8,41,Yes,North,mobile,24.84
13,1,30.06,2,50,No,East,mobile,16.03
6,0,15.42,4,61,No,North,desktop,0
11,0,29.09,3.4,27,No,West,mobile,0
8,2,10.24,3.6,51,Yes,West,mobile,46.5
10,2,27.06,3.2,37,Yes,North,mobile,47.54
9,2,34.9,3.6,36,No,East,desktop,68.37
10,4,30.92,3.6,20,No,North,desktop,82.21
5,0,39.05,3,35,No,West,mobile,0
7,0,9.15,2.8,26,No,South,desktop,0
14,2,48.97,3.1,32,Yes,North,desktop,66.84
7,1,15.46,3.7,25,No,South,desktop,37.41
11,1,38.96,4,33,No,North,mobile,31.63
10,1,24,4.2,33,No,South,mobile,32.39
7,1,10.66,3.1,39,Yes,East,desktop,22.32
4,0,23.03,3.7,19,Yes,South,mobile,0
7,0,12.37,4.3,21,Yes,South,desktop,0
12,1,17.32,4.4,42,No,North,desktop,33.36
8,1,15.17,3.5,28,No,North,mobile,25.7
14,1,46.78,3.3,51,Yes,North,desktop,24.37
9,0,40.58,3.7,41,No,West,mobile,0
10,2,20.86,2.6,45,Yes,North,mobile,53.18
15,0,57.2,3.3,55,Yes,East,mobile,0
8,0,1.67,4.1,34,Yes,South,mobile,0
15,2,37.48,4,31,Yes,North,mobile,45.67
11,1,28.02,3.3,48,No,East,desktop,22.75
12,0,17.39,3.7,44,No,South,desktop,0
6,1,16.12,2.8,36,No,South,mobile,21.43
20,2,52.22,4.1,55,Yes,East,desktop,43.21
14,2,25.24,3.4,35,Yes,South,mobile,64.49
9,1,29.97,3.3,38,No,South,mobile,22.94
9,1,19.11,3.2,38,Yes,East,mobile,26.2
6,0,3.32,3.4,27,Yes,East,mobile,0
19,0,47.08,3.1,39,No,North,desktop,0
11,0,29.83,4,55,Yes,South,mobile,0
13,1,29.93,3.2,43,Yes,North,desktop,19.8
19,2,58.9,4.8,38,Yes,North,desktop,62.09
7,1,20.12,4.7,36,No,East,desktop,30.69
6,0,4.14,2.8,42,Yes,West,mobile,0
8,0,30.61,3.6,47,Yes,West,mobile,0
9,1,8.28,3,45,No,North,mobile,29.35
11,0,22.93,3.2,34,No,South,desktop,0
6,1,34.93,5,42,Yes,East,mobile,25.95
12,0,34.91,3.3,44,No,North,mobile,0
7,1,5.82,3.8,26,No,East,mobile,29.02
8,2,27.94,3.9,40,No,East,mobile,40.54
2,0,0,2.7,18,No,West,mobile,0
8,1,27.02,2.8,44,Yes,North,mobile,30.08
2,0,27.33,2.5,46,No,North,mobile,0
11,1,17.27,2.8,47,No,West,mobile,21.73
9,1,3.27,1.2,33,Yes,East,mobile,16.98
10,1,9.3,3.9,42,No,West,mobile,24.44
6,0,22.56,5,55,Yes,North,mobile,0
8,2,27.94,3.6,55,Yes,East,desktop,44.03
7,0,9.97,2.4,38,No,East,mobile,0
19,0,41.5,3,40,Yes,North,desktop,0
12,2,43.45,3.1,51,No,South,mobile,60.3
14,1,41.08,2.7,20,No,East,desktop,18.07
10,2,23.49,4.2,34,No,North,mobile,57.53
14,2,11.73,4.1,54,Yes,North,mobile,45.49
12,2,22.67,2.6,50,No,East,mobile,45.49
7,0,11.4,4.1,42,Yes,South,desktop,0
9,1,33.76,4.7,20,No,West,mobile,26.75
5,1,14.02,5,37,No,South,mobile,42.02
11,1,31.84,5,31,Yes,North,mobile,27.36
14,0,49.37,2.8,42,Yes,West,mobile,0
8,0,15.85,5,28,Yes,West,mobile,0
13,0,36.89,3.2,26,No,North,mobile,0
13,0,27.37,3,18,No,East,mobile,0
10,0,27.81,3.8,53,No,North,mobile,0
8,1,26.34,3,33,No,North,desktop,32.23
9,1,27.58,3.8,40,No,North,mobile,28.32
9,1,47.55,2.4,38,No,North,mobile,24.4
7,1,7.92,3.3,25,No,West,desktop,36.73
7,0,9.36,4.5,23,No,East,mobile,0
11,0,28.85,3.5,26,No,West,mobile,0
11,0,35.37,3.6,29,No,East,desktop,0
9,1,33.05,3.9,42,No,South,mobile,21.06
10,0,20.9,4.4,28,No,East,mobile,0
9,0,15.52,2.2,59,No,West,desktop,0
11,1,37.18,4,50,No,East,desktop,33.68
11,2,38.55,3.3,48,No,East,mobile,63.99
13,0,7.74,3.6,37,No,West,mobile,0
17,2,32.1,4.3,56,No,North,mobile,45.82
7,1,0,2.5,35,No,East,mobile,23.5
8,1,12.86,2.7,38,Yes,West,mobile,20.02
10,3,10.65,2,40,Yes,West,mobile,69.73
8,0,28.05,3.1,46,No,North,desktop,0
13,0,22.69,4.6,46,No,South,desktop,0
8,2,2.66,3.4,32,No,East,mobile,53.56
12,1,42.83,2.4,32,Yes,North,mobile,23.06
9,1,10.88,3.1,46,No,East,mobile,29.3
7,1,19.43,2.3,47,Yes,North,mobile,20.14
7,1,5.8,2.6,33,Yes,South,mobile,13.46
12,3,20.18,3.8,19,No,South,desktop,88.63
11,4,30.49,2.6,36,Yes,South,mobile,114.97
18,2,56.02,4.4,45,No,South,desktop,62.09
13,1,51.9,3.4,60,No,South,mobile,22.67
17,3,37.46,3.6,24,Yes,North,mobile,61.45
7,0,16.53,3.3,33,No,North,mobile,0
11,0,24.6,4.1,33,No,North,mobile,0
8,2,18.53,4.1,54,Yes,North,desktop,54.1
13,1,33.53,3.8,38,No,East,desktop,36.84
13,0,40.13,4,27,No,East,mobile,0
12,0,16.93,3.3,45,Yes,North,mobile,0
11,2,31.68,3.9,33,Yes,North,mobile,54.85
11,1,24.15,3.2,23,Yes,East,desktop,16.14
7,1,11.44,3.5,27,No,South,desktop,25.31
11,0,20.5,3.3,59,No,West,mobile,0
7,1,30.94,3.1,43,No,East,mobile,23.41
11,2,39.85,2.9,39,No,South,mobile,34.9
12,1,35.47,3.9,35,No,North,mobile,26.35
9,1,18.62,4.5,42,No,South,mobile,23.82
6,0,7.7,4.4,41,No,North,mobile,0
12,4,46.55,2.5,42,No,North,desktop,109.69
8,1,27.03,4.5,39,No,North,mobile,22.68
7,2,13.56,3.2,48,No,East,mobile,43.8
7,0,20.84,4,38,No,South,desktop,0
4,1,0.96,2.8,26,No,North,mobile,20.29
7,1,33.34,3.6,31,Yes,East,mobile,20.76
14,2,39.49,3.8,18,No,South,mobile,41.27
10,3,19.62,2.3,62,No,South,mobile,74.66
8,0,18.1,4,48,No,North,mobile,0
10,0,0,4.6,28,No,East,mobile,0
10,1,17.86,3.4,35,No,West,desktop,26.03
7,1,8.03,4.6,30,Yes,North,mobile,37.86
5,0,12.7,3.3,57,No,North,desktop,0
13,0,32.77,4.2,21,Yes,North,mobile,0
16,1,26.57,1.7,39,No,North,desktop,23.73
9,0,25.22,5,37,Yes,South,desktop,0
10,1,34.97,4.7,48,No,West,desktop,25.1
10,1,23.28,3.3,37,Yes,West,mobile,29.11
5,1,0,1.9,18,No,North,desktop,25.98
6,0,13.1,3.7,35,Yes,South,mobile,0
8,0,6.5,2.3,26,No,East,desktop,0
10,0,30.38,3.9,39,No,South,mobile,0
9,0,38.21,3.8,55,No,South,mobile,0
11,2,24.24,2.7,18,No,North,mobile,55.06
15,3,24.29,4.4,28,No,South,desktop,105.56
9,0,11.88,4.1,31,Yes,South,mobile,0
13,2,7.47,4.3,33,No,East,desktop,65.5
5,1,16.95,3.5,47,No,East,desktop,30.02
11,2,26.09,2.4,36,No,North,mobile,52.07
6,0,28.46,4.3,43,No,North,mobile,0
15,4,32.44,3.3,30,Yes,West,desktop,106.54
11,1,26.64,2.4,41,Yes,South,mobile,20.73
6,0,0.92,4.6,47,No,West,mobile,0
9,0,6.21,5,29,Yes,North,desktop,0
9,1,9.8,3.5,47,Yes,South,desktop,22.1
18,0,64.5,5,39,Yes,South,desktop,0
8,0,12.81,3.6,51,No,West,mobile,0
9,0,26.01,3.2,36,No,North,mobile,0
11,2,21.94,3,43,Yes,North,mobile,48.36
11,2,9.14,4.8,38,Yes,South,mobile,63.75
6,0,12.95,2.9,37,No,West,mobile,0
13,2,40.5,4.1,41,No,West,mobile,50.35
6,1,0.96,3.1,44,Yes,West,mobile,31.99
8,1,27.15,3.1,23,Yes,West,desktop,29.99
12,0,15.87,4.3,55,No,North,desktop,0
13,2,34.95,3.2,18,No,North,desktop,52.57
8,2,24.13,3.2,30,No,North,mobile,54.26
10,1,25.63,4.4,37,No,South,mobile,35.27
9,0,29.76,4.8,43,Yes,West,desktop,0
9,1,18.99,4,57,Yes,West,mobile,34.84
13,2,27.24,3,18,Yes,North,mobile,50.41
13,1,0,3.1,32,Yes,East,mobile,28.05
9,0,0,3.6,18,No,West,mobile,0
13,1,29.73,3.8,38,No,South,mobile,23.63
10,2,42.26,2.7,41,No,North,desktop,45.41
18,3,36.94,4.1,57,Yes,South,desktop,83.52
5,0,11.03,3.6,39,No,South,mobile,0
9,3,15.46,2.1,51,No,East,mobile,80.74
5,0,16.44,2.8,45,Yes,South,desktop,0
6,1,0,3.1,33,No,North,mobile,17.63
12,2,22.86,3.4,21,Yes,West,mobile,54.56
9,2,18.51,5,41,Yes,South,desktop,48.98
10,3,34.86,3.7,20,No,South,desktop,56.34
13,1,68.12,2.8,54,No,West,desktop,18.31
12,2,26.39,3.7,36,Yes,North,mobile,56.99
10,0,11.28,3.2,52,Yes,North,mobile,0
11,2,32.58,3.8,32,No,West,desktop,54.42
4,1,27.99,4,41,No,North,mobile,28.66
6,1,9.78,4.5,41,No,East,desktop,35.55
10,0,19.35,3.5,37,Yes,North,mobile,0
2,1,14.47,4.8,33,Yes,North,desktop,32.57
12,0,40.04,4.2,43,Yes,South,mobile,0
4,0,0,2.9,27,No,North,mobile,0
17,2,45.9,5,23,Yes,East,mobile,54.2
8,1,32.82,3.8,53,Yes,East,desktop,22.58
8,2,44.27,2.8,47,No,West,mobile,50.38
12,1,34.18,4.8,39,Yes,East,mobile,39.23
6,0,8.88,5,58,No,North,desktop,0
8,2,30.58,3.5,35,Yes,West,mobile,47.17
8,1,6.08,3.1,54,No,East,mobile,18.48
11,0,22.01,3.4,40,Yes,East,mobile,0
7,1,2.64,4.1,26,No,West,desktop,35.05
11,1,42.18,4.5,60,Yes,East,mobile,23.26
11,1,17.91,4,50,No,South,mobile,25.71
13,1,52,3.6,37,No,East,desktop,33.5
11,2,35.1,4.7,47,No,North,mobile,39.62
13,2,15.5,3.2,33,Yes,North,mobile,66.22
6,1,28.82,4.3,48,No,East,mobile,26.82
16,0,68.3,3.3,18,No,North,desktop,0
9,2,34.62,3.8,26,Yes,North,mobile,51.33
9,1,14.92,3.4,50,No,North,desktop,22.24
16,2,35.04,3.5,35,No,East,desktop,57.13
6,0,16.68,3.2,40,No,South,mobile,0
14,3,24.38,4.6,22,No,East,desktop,53.74
8,1,28.5,2.9,60,No,South,mobile,23.66
15,0,54.26,2.9,52,No,South,mobile,0
13,1,6.48,5,36,Yes,South,mobile,31.23
13,3,38.48,4.3,33,No,East,desktop,64.63
6,0,11.34,1.6,50,No,South,mobile,0
6,2,12.05,3,62,No,West,mobile,51.83
13,2,27.61,2.1,49,No,West,mobile,43.57
10,1,25.07,2.7,64,Yes,West,mobile,25.46
12,0,54.86,1,27,Yes,West,mobile,0
11,0,23.54,3.4,28,Yes,South,mobile,0
8,2,12.48,2.6,24,Yes,South,mobile,47.38
11,0,24.67,3.5,43,Yes,East,mobile,0
6,1,19.06,2.2,40,No,East,mobile,24.14
5,0,4.51,3.6,36,Yes,West,mobile,0
13,0,30.25,3.2,48,No,East,desktop,0
10,0,35.87,4.7,53,No,West,desktop,0
11,1,46.92,4.6,20,Yes,South,mobile,35.8
9,3,37.48,4.1,31,Yes,West,mobile,75.32
10,1,21.72,3.2,48,No,East,desktop,20.68
13,1,56.27,5,32,No,East,desktop,30.99
12,1,33.6,2.3,28,No,South,mobile,17.04
18,2,45.78,2.4,50,No,East,mobile,40.79
8,1,21.33,3.4,23,No,West,mobile,32.36
8,2,11.3,5,34,No,North,mobile,60.75
9,1,27.55,3.3,42,No,East,mobile,16.07
14,1,0,3.4,31,No,South,desktop,16.66
9,0,4.22,2.3,47,No,West,mobile,0
12,4,23.35,4.3,31,Yes,South,desktop,132.49
11,0,32.88,4.3,55,No,North,desktop,0
13,0,35.77,4.1,36,No,South,desktop,0
11,1,0.3,3,46,No,East,desktop,31.65
11,1,19.2,2.9,47,Yes,North,desktop,34.09
11,1,37.58,2.5,30,No,East,mobile,25.32
11,1,32.29,3.6,18,Yes,West,desktop,29.19
8,1,22.75,2.6,42,No,West,desktop,13.76
10,0,38.32,2.6,39,Yes,North,mobile,0
4,1,14.66,3.2,45,No,West,desktop,22.56
13,2,23.26,3.1,35,Yes,East,desktop,41.07
9,1,14.22,3.1,33,Yes,North,desktop,23.96
8,1,1.49,3.9,62,Yes,North,mobile,35.49
5,0,13.19,3.6,20,No,North,mobile,0
11,2,38.73,3.3,47,Yes,West,mobile,52.79
11,1,33.59,3.6,31,Yes,North,mobile,31.79
11,1,39.19,2.7,34,No,North,mobile,24.46
5,1,8.71,3.6,34,No,East,mobile,21
14,5,55.79,3.6,28,Yes,East,desktop,171.63
11,1,23.72,2.3,45,Yes,East,mobile,20.36
7,2,27.52,4.3,55,Yes,East,mobile,73.85
8,0,22.76,2.8,44,No,North,mobile,0
8,0,26.25,3.6,39,No,West,mobile,0
7,0,32.36,4.4,26,No,North,mobile,0
7,0,21.19,4.2,44,Yes,East,mobile,0
10,0,27.08,3.5,64,No,East,mobile,0
6,0,28.76,3.2,33,Yes,North,mobile,0
12,3,21.6,4.3,33,Yes,West,mobile,53.15
9,2,8.3,4,31,No,South,mobile,79.69
13,2,57.89,3,32,Yes,North,mobile,45.6
11,0,14.25,2.9,18,Yes,West,mobile,0
17,0,45.79,1.8,43,No,East,mobile,0
3,0,19.21,3.6,28,No,East,desktop,0
8,1,14.08,3.4,19,No,South,desktop,22.36
15,3,35.2,4.4,47,No,West,mobile,65.12
8,1,23.88,3.8,25,No,North,mobile,25.87
9,0,11.22,4.6,34,No,North,desktop,0
4,0,5.13,2.9,56,No,South,mobile,0
15,1,40.97,4.4,21,No,North,desktop,28.21
10,1,22.72,3.1,20,Yes,East,desktop,28.42
18,2,19.94,4.1,41,Yes,South,desktop,52.27
16,2,63.59,2.3,52,Yes,North,desktop,40.31
9,0,34,3.7,19,Yes,North,desktop,0
7,0,31.75,1.9,43,No,East,mobile,0
7,3,16.67,3.3,45,Yes,West,desktop,80.73
11,0,19.16,3.9,18,No,South,desktop,0
5,0,13.41,3.1,48,No,East,desktop,0
7,0,8.97,2.7,49,No,North,mobile,0
14,0,18.28,4.2,34,Yes,East,mobile,0
10,1,32.74,3.4,53,Yes,North,desktop,31.35
10,2,27.3,3.1,52,No,South,mobile,41.19
10,0,6.02,3.5,39,No,East,desktop,0
10,1,36.55,5,33,Yes,West,desktop,29.81
11,1,27.35,4.4,26,Yes,South,desktop,35.6
4,0,1.68,4.4,38,No,East,desktop,0
13,2,9.86,3.8,45,Yes,East,desktop,28.1
7,2,35.15,3.6,34,No,West,mobile,38.07
6,0,5.19,1.6,18,No,South,desktop,0
13,2,36.35,3,53,Yes,South,mobile,71.12
7,0,27.5,3.1,40,No,West,mobile,0
10,4,29.61,2,33,Yes,North,mobile,73.36
10,1,26.4,2.6,48,Yes,North,mobile,26.17
5,2,0,1.9,56,No,North,mobile,46.19
13,2,17.71,3.5,18,No,West,mobile,59.02
7,0,19.54,4.2,43,No,North,mobile,0
8,1,7.83,4.4,21,No,West,desktop,26.85
11,4,29.98,3.8,44,Yes,South,mobile,89
13,2,36.19,2.7,40,No,North,mobile,56.53
15,0,66.17,2,46,No,South,desktop,0
6,1,2.62,2.1,32,No,North,desktop,23.21
13,1,45.34,2.5,18,Yes,East,desktop,34.09
6,0,22.27,2.8,33,No,East,mobile,0
7,0,19.3,3.4,43,No,South,desktop,0
11,0,47.6,2.7,50,No,North,mobile,0
9,2,43.5,3.8,24,Yes,East,mobile,46.71
5,0,0,3.3,50,No,West,mobile,0
13,2,35.56,3.5,30,Yes,East,mobile,43.75
19,0,10.6,4.4,42,No,West,mobile,0
11,0,27.03,2.6,32,No,North,mobile,0
14,1,36.85,3.8,40,No,West,mobile,24.81
6,0,14.4,3.5,49,No,South,desktop,0
11,0,24.75,3.2,23,No,North,desktop,0
7,0,0,4.2,30,Yes,West,mobile,0
13,1,34.46,4.2,40,Yes,West,mobile,24.12
12,1,44.47,2.7,67,No,East,mobile,27.05
10,1,19.84,3.4,28,No,North,desktop,30.88
10,1,29.89,3.7,62,Yes,North,mobile,33.28
10,2,11.5,3.3,62,Yes,South,mobile,43.8
8,2,27.95,4,37,No,West,mobile,61.56
5,0,9.55,3.7,34,No,North,mobile,0
6,0,8.74,5,30,No,West,mobile,0
9,0,7.78,2.3,37,Yes,North,mobile,0
11,3,23.84,3.4,21,No,West,desktop,69.43
8,0,25.74,2.8,37,No,West,desktop,0
11,0,18.39,4,56,No,South,desktop,0
12,1,21.87,2.2,31,No,South,mobile,18.07
12,1,25.63,3.8,35,Yes,West,mobile,32.22
8,0,6.71,3,18,No,South,desktop,0
12,2,51.19,2.9,42,Yes,East,desktop,29.84
8,0,15.6,2.3,41,Yes,East,mobile,0
13,2,23.16,3.1,39,No,North,mobile,42.69
12,0,25.66,4.4,35,No,West,mobile,0
5,0,30.79,3.5,34,No,North,mobile,0
10,2,29.91,4,44,No,West,desktop,51.08
10,0,14.58,4.8,38,No,North,desktop,0
21,3,71.4,3.7,42,No,East,mobile,81.12
9,1,25.97,3.1,41,Yes,North,mobile,29.1
8,0,31.68,3.9,51,No,South,desktop,0
8,2,13.15,3.1,46,Yes,South,mobile,67.18
12,0,25.61,3.1,40,No,East,desktop,0
14,3,34.67,2.3,56,Yes,East,desktop,88.72
14,0,23.46,4.2,43,No,West,desktop,0
12,2,48.1,3.2,54,No,South,mobile,50.88
5,0,0.15,3.6,45,No,East,mobile,0
8,1,47.03,2.7,18,No,East,mobile,21.52
8,1,18.15,3.8,54,No,North,mobile,35.58
12,3,26.21,2.9,40,No,South,mobile,94.82
12,3,39.97,3.4,37,No,South,desktop,68.33
15,3,15.64,4.2,41,Yes,South,desktop,36.65
4,1,18.46,4.1,34,Yes,South,desktop,26.57
13,0,5.53,3.5,41,Yes,East,mobile,0
14,1,33.36,2.1,31,Yes,North,desktop,21.61
11,0,23.61,5,53,Yes,East,desktop,0
14,1,18.94,4.9,37,No,West,mobile,34.96
10,1,22.1,4.1,33,Yes,East,desktop,33.25
8,1,20.79,2.9,27,Yes,East,mobile,26.96
13,0,32.19,3.4,41,Yes,North,mobile,0
15,2,42.23,3.1,40,No,West,mobile,47.05
11,0,13.84,4.5,43,No,North,desktop,0
11,0,28.91,3.7,26,Yes,East,mobile,0
7,1,15.26,2.9,19,No,West,mobile,26.57
5,1,23.23,3.1,46,Yes,East,mobile,27.07
10,2,41.78,4.4,56,No,East,mobile,61.74
17,2,31.74,4.8,26,No,South,mobile,30.88
12,0,9.91,4.7,57,Yes,North,mobile,0
11,1,20.28,4.1,41,No,East,mobile,27.54
7,0,12.06,3.3,38,No,North,mobile,0
10,1,22.94,1,33,No,East,desktop,20.19
6,0,16.34,3.7,21,No,North,mobile,0
10,0,31.15,3.5,50,Yes,West,desktop,0
11,0,29.01,3.6,29,Yes,North,mobile,0
7,2,21.3,3.5,29,Yes,South,mobile,39.72
7,2,12.09,2.4,50,Yes,East,mobile,39.16
5,0,6.42,3.9,18,No,South,mobile,0
13,0,24.64,4,20,No,South,mobile,0
10,0,2.86,4,38,Yes,South,desktop,0
16,1,46.9,4.3,42,Yes,South,desktop,31.82
5,2,15.64,4,44,No,South,mobile,60.2
5,0,5.37,3.2,34,No,South,mobile,0
10,2,25.4,3.4,68,No,East,desktop,59.25
10,0,26.71,3.6,35,No,North,mobile,0
8,3,17.82,3.6,35,No,West,mobile,81.27
9,0,9.78,4.3,28,No,South,desktop,0
15,2,55.19,4,39,No,North,desktop,67.79
11,1,36.92,5,45,No,South,mobile,29.12
13,2,15.7,5,52,Yes,West,mobile,60.37
11,0,24.35,3.6,20,No,North,mobile,0
7,0,28.25,1,35,No,East,desktop,0
11,3,23.23,4.5,43,Yes,South,desktop,97.07
5,1,0,3.1,45,No,North,mobile,28.06
10,2,14.86,2.9,38,No,West,desktop,41.45
6,1,19.65,3.2,45,No,South,desktop,21.55
13,2,26.25,3.1,28,Yes,North,desktop,52.76
4,0,8.19,4,57,No,West,desktop,0
16,1,36.28,2.3,50,No,East,desktop,25.27
12,1,38.47,2.6,22,No,West,mobile,13.63
11,1,24.94,3.8,25,No,East,mobile,24.37
12,1,41.37,4,25,No,East,desktop,37.38
15,0,43.7,4,46,No,West,mobile,0
10,1,38.47,2.9,23,Yes,North,mobile,25.58
8,2,24.44,2.7,34,No,East,desktop,67.76
11,1,9.85,3.1,43,No,East,desktop,13.45
6,0,21.12,3.7,37,No,North,desktop,0
8,0,31.65,4.7,41,No,South,mobile,0
11,0,23.9,1.9,25,Yes,North,mobile,0
12,1,44.36,3.3,45,No,East,mobile,30.26
12,1,31.4,2.4,31,Yes,South,desktop,19.43
8,1,32.82,2.2,34,Yes,West,mobile,27.59
9,1,33.42,4.3,41,Yes,North,desktop,25.97
15,1,39.15,3.9,39,Yes,East,desktop,33.85
8,2,0,3.9,38,No,North,mobile,43.24
9,0,30.72,4.2,29,Yes,East,desktop,0
12,1,35.53,3.1,34,Yes,East,desktop,22.77
9,2,12.49,3.2,38,No,East,mobile,61.77
9,0,22.14,5,21,No,West,mobile,0
15,0,31.55,3.3,32,Yes,West,mobile,0
6,1,35.71,4.1,43,No,North,mobile,30.56
11,1,54.26,3.5,23,Yes,South,desktop,29.11
8,1,13.19,2,52,Yes,East,desktop,26.49
9,0,19.22,1.9,53,Yes,South,mobile,0
12,2,21.65,3,23,No,North,mobile,45.82
9,0,30.03,4.3,54,Yes,East,mobile,0
12,0,47.51,4.1,36,Yes,South,mobile,0
10,1,26.13,4.2,43,No,South,mobile,29.4
9,0,31.23,2.7,32,No,West,mobile,0
6,0,44.89,4.8,49,No,South,mobile,0
13,0,27.67,2.7,43,No,North,desktop,0
8,0,2.49,3.7,28,No,North,desktop,0
8,0,12.7,3.5,24,No,West,mobile,0
11,0,15.95,3.4,20,Yes,West,desktop,0
18,4,35.97,4.6,40,Yes,East,desktop,116
9,0,16.86,2.9,45,No,South,desktop,0
10,1,15.71,2.4,46,No,West,mobile,21.82
10,0,12.45,3.5,37,No,East,desktop,0
9,0,20.67,3.2,24,No,West,desktop,0
7,2,15.31,5,30,No,East,mobile,35.16
10,0,25.32,4,52,No,South,mobile,0
11,3,31.13,3.2,32,No,South,desktop,84.36
9,0,12.41,2.7,40,No,North,desktop,0
10,2,20.02,2,25,No,North,desktop,45.67
11,1,23,2.7,42,No,East,desktop,21.21
11,2,3.59,3.6,33,Yes,West,mobile,45.27
9,1,0,4.6,51,No,East,mobile,26.63
10,1,26.4,4.4,47,Yes,South,mobile,24.45
15,0,36.88,3.7,32,Yes,North,desktop,0
10,0,37.51,3.2,36,No,North,mobile,0
6,2,22.65,3.7,31,Yes,South,mobile,43.84
6,0,26.96,3.1,21,No,South,desktop,0
8,0,14.93,4.9,28,Yes,East,desktop,0
16,2,45.15,3.3,40,No,North,mobile,32.33
10,0,43.76,3.4,42,Yes,West,mobile,0
11,3,12.81,1.7,40,Yes,South,mobile,68.41
8,1,20.86,3.3,34,Yes,West,mobile,27.42
13,1,60.95,4.2,49,No,South,desktop,19.65
10,2,25.08,2.6,39,No,North,mobile,59.12
13,0,40.32,2.9,46,No,East,desktop,0
7,0,13.74,4.1,18,Yes,East,desktop,0
14,1,43.71,2.3,18,Yes,South,desktop,29.56
9,0,34.48,4.3,41,Yes,South,mobile,0
12,2,0.63,3.1,21,No,North,mobile,55.03
12,3,22.51,3.2,35,No,East,mobile,100.33
8,0,7.39,2.6,34,No,West,mobile,0
13,1,45.81,3.8,57,Yes,North,desktop,22.46
8,2,22.84,5,43,No,North,mobile,67.6
12,1,25.66,4.1,40,No,West,desktop,24.06
11,1,31.47,2.8,48,Yes,North,mobile,26.97
14,1,33.91,4.4,42,Yes,East,mobile,31.22
5,1,22.92,3.2,33,No,South,desktop,18.44
4,0,11.41,4.6,51,Yes,East,mobile,0
9,1,27.7,4.1,25,Yes,South,mobile,29.22
8,1,19.74,1.1,42,Yes,North,mobile,18.48
10,0,39.94,2.7,19,No,North,mobile,0
4,0,6.62,4.3,40,Yes,East,desktop,0
3,1,15.44,3.6,40,No,East,mobile,26.34
9,0,17.31,2.7,58,No,East,mobile,0
7,1,4.39,3,19,Yes,East,mobile,31.92
9,2,33.47,2,31,Yes,North,desktop,49.26
8,1,25.41,3.4,48,No,North,mobile,27.04
7,1,14.56,5,42,Yes,West,mobile,24.25
9,2,24.67,4.1,40,No,South,mobile,62.95
6,1,6.17,5,27,No,South,mobile,31.98
10,1,29.61,4.2,31,No,North,mobile,35.19
11,0,40.56,4.3,53,No,North,mobile,0
7,0,33.17,5,37,Yes,South,mobile,0
10,1,44.52,3.8,43,No,West,mobile,17.82
6,0,14.27,3.4,37,No,West,mobile,0
8,1,33.42,4.3,24,No,West,desktop,25.03
8,0,9.68,4.7,49,No,West,desktop,0
11,1,16.71,3.1,44,No,West,mobile,25.83
12,0,11.64,2.9,66,No,South,mobile,0
3,1,25.06,3.6,26,No,North,desktop,25.99
12,1,19.82,4.2,48,No,East,desktop,23.15
14,0,41.31,4.1,22,No,North,mobile,0
7,0,7.95,2.4,40,No,North,desktop,0
8,1,23.55,5,50,No,North,mobile,27.77
9,1,15.33,3,18,No,South,mobile,23.38
14,0,15.1,3.3,36,Yes,South,desktop,0
9,3,25.69,2.8,31,No,North,desktop,87.06
5,1,1.25,5,30,Yes,South,desktop,29.22
10,3,12.6,3.7,43,No,West,mobile,96.68
11,1,7.47,2.8,51,Yes,East,mobile,32.04
12,1,11.82,4.2,36,Yes,West,mobile,32.79
17,3,42.07,4.1,40,No,North,mobile,92.15
8,1,0,3.3,39,Yes,North,mobile,27.43
13,2,16.26,4.2,38,No,East,mobile,65.69
3,0,7.19,2.8,25,No,South,mobile,0
17,1,41.66,3.1,51,Yes,East,mobile,30.22
9,0,43.43,1.9,42,No,East,desktop,0
7,0,31.64,2.4,43,No,East,desktop,0
9,0,18.7,4.9,28,Yes,West,mobile,0
13,0,39.44,4.8,32,No,South,mobile,0
7,3,25.69,3.6,36,No,North,mobile,77.81
10,0,18.98,4.8,20,Yes,East,desktop,0
7,1,0.73,3.4,18,Yes,North,mobile,26.86
11,2,28.57,3.3,31,No,North,desktop,61.76
6,1,14.7,3.5,44,No,North,desktop,30.92
12,0,15.16,3.4,30,Yes,South,mobile,0
11,2,28.96,3.3,26,Yes,North,mobile,57.68
12,1,20.96,4.4,28,No,North,desktop,35.75
15,2,27.9,3.6,33,No,East,mobile,51.41
9,1,28.96,4.1,34,No,East,desktop,21.56
5,2,14.43,4.3,64,No,East,desktop,71.2
8,1,6.24,3.8,51,No,East,mobile,24.14
8,0,27.23,2.7,50,No,North,desktop,0
6,1,0,2.4,52,No,North,desktop,15.06
10,0,17.48,3.6,26,No,North,desktop,0
10,2,26.27,3.4,23,No,West,mobile,35.14
18,0,29.15,3.6,25,No,East,mobile,0
12,1,26.92,3.5,54,No,North,mobile,29.34
6,1,28.61,5,31,No,South,desktop,34.33
6,1,4.81,2.4,23,No,West,desktop,20.44
13,1,54.77,1.9,33,Yes,East,mobile,21.65
8,1,31.07,3.8,35,No,West,mobile,22.29
14,3,34,3.2,41,No,North,mobile,68.11
13,1,22.95,3.8,41,Yes,North,desktop,28.44
9,2,38.8,4,28,No,East,desktop,49.48
4,0,0.13,4.5,46,No,East,desktop,0
7,1,8.44,2.3,30,No,East,desktop,16.44
12,2,24.7,3.1,36,Yes,East,desktop,61.94
16,0,41.66,3.8,46,No,East,desktop,0
18,1,38.2,4.1,30,No,East,mobile,32.15
9,0,20.3,5,31,Yes,North,mobile,0
7,1,37.57,4.3,45,No,South,desktop,23.59
11,1,20.04,3.5,28,Yes,West,desktop,24.37
11,1,19.6,2.8,33,Yes,South,mobile,15.22
13,0,14.57,3,45,Yes,South,mobile,0
9,0,30.25,3,63,Yes,East,mobile,0
7,0,9.08,4,45,No,West,mobile,0
15,1,56.82,3.7,44,Yes,South,mobile,20.13
10,1,44.64,2.4,44,No,South,mobile,28.18
12,2,27,3.2,25,Yes,West,mobile,69.95
6,1,14.31,4.2,39,No,West,mobile,27.66
11,1,29.57,3.8,38,Yes,East,desktop,21.54
10,3,42.76,4,42,No,South,mobile,80.21
10,1,15.42,3.8,39,No,South,mobile,14.98
4,1,3.76,4.8,43,No,East,mobile,29.28
13,1,29.6,3.7,34,Yes,West,mobile,31.14
10,0,22.88,3.2,39,No,West,mobile,0
9,0,24.1,2.8,23,Yes,North,desktop,0
14,2,13.83,3.7,34,Yes,South,desktop,59.14
18,0,39.84,1.5,55,Yes,South,mobile,0
11,0,16.4,3.4,42,No,West,mobile,0
9,1,16.84,3.3,38,No,East,mobile,26.21
16,2,66.09,2.4,61,No,South,desktop,69.9
13,1,10.54,2.8,22,Yes,North,desktop,17.96
10,0,25.04,4.1,25,Yes,East,mobile,0
7,0,0,3.7,59,Yes,North,desktop,0
12,1,28.35,3.6,39,No,West,desktop,32.35
11,3,23.65,3.7,35,No,East,desktop,72.01
10,1,13.17,3.6,24,No,South,desktop,27.59
16,3,51.59,4.5,43,No,South,desktop,86.21
11,2,33.94,3.6,45,No,West,mobile,45.07
8,1,11.94,2.3,25,No,North,mobile,22.9
12,0,23.34,4.8,36,No,North,desktop,0
9,1,33.75,3.8,34,No,West,desktop,27.61
10,1,12.01,3,41,No,West,desktop,21.26
5,1,6.09,2.5,25,No,West,mobile,17.69
9,1,29.46,3.8,53,Yes,North,mobile,26.78
13,1,68.84,3.4,49,Yes,North,mobile,34.92
9,0,10.52,4.8,34,No,North,mobile,0
11,1,32.82,3.2,35,No,North,mobile,23.81
13,0,16.25,2.8,36,Yes,East,desktop,0
11,2,26.53,4.2,29,Yes,North,mobile,54.23
11,0,21.62,4.2,33,No,East,desktop,0
5,0,3.08,3.6,35,No,North,mobile,0
7,0,10.46,4,57,No,South,desktop,0
2,0,0,3.5,49,No,West,mobile,0
14,1,36.15,3.7,49,No,North,desktop,29.44
17,1,39.67,4.4,42,Yes,South,mobile,30.07
9,1,29.13,4,25,Yes,South,mobile,27.19
10,0,20.79,3.4,38,Yes,North,mobile,0
8,2,12.92,4.6,50,No,South,mobile,50.6
15,3,40.42,1.6,23,Yes,South,desktop,68.14
13,1,10.9,5,46,No,East,desktop,33.77
10,0,27.17,2.1,66,No,West,desktop,0
11,2,17.77,3,51,Yes,South,desktop,52.87
8,0,15.57,3.5,55,No,North,desktop,0
7,0,0,3.4,41,Yes,East,desktop,0
10,0,35.78,4.3,50,No,North,mobile,0
8,2,10.08,2.7,29,No,East,mobile,48.67
13,0,49.83,3.7,48,Yes,East,mobile,0
10,1,32.14,3,46,No,North,mobile,26.56
9,1,12.54,3.7,41,No,West,mobile,30.2
6,0,2.97,3.4,54,No,West,mobile,0
10,0,40.73,3.6,32,No,West,desktop,0
20,5,61.81,3.1,36,Yes,South,mobile,158.92
8,1,14.97,3.1,39,No,East,mobile,23.78
7,1,20.19,3.7,26,Yes,West,desktop,32.39
7,0,7.03,4.3,41,Yes,South,desktop,0
9,1,30.99,3,18,Yes,West,desktop,20.2
8,0,12.46,2.8,51,No,North,mobile,0
13,0,11.02,4,39,No,North,mobile,0
9,0,12.24,3.5,32,No,East,mobile,0
13,2,38.98,4.2,28,No,East,mobile,42.63
11,0,16.08,2.8,35,No,East,mobile,0
12,0,24.7,2.1,46,No,West,mobile,0
13,1,10.22,3.1,45,No,North,desktop,39.51
17,3,28.85,2.9,30,Yes,North,mobile,49.69
8,0,26.06,3.4,28,No,West,mobile,0
8,1,22.9,3,46,No,North,mobile,30.72
13,0,30.16,4.1,29,Yes,East,desktop,0
10,0,37.23,3.3,39,No,South,mobile,0
9,0,24.55,3.6,39,No,North,mobile,0
13,2,46.59,3.6,42,Yes,North,mobile,67.32
12,0,32.51,3.7,48,Yes,South,mobile,0
15,0,35.77,3.5,23,Yes,West,mobile,0
8,1,6.75,3.9,18,No,East,mobile,28.56
7,1,11.1,2.9,31,No,East,mobile,23.25
12,0,35.85,4.6,60,No,South,desktop,0
17,1,48.27,3.3,62,Yes,North,mobile,32.12
9,0,29.67,2.5,60,No,North,desktop,0
9,1,7.96,3.7,36,No,South,mobile,22.02
14,1,44.28,2.8,18,No,North,mobile,23.75
9,1,0,4,18,No,North,mobile,26.71
10,0,42.82,5,31,No,South,mobile,0
6,0,12.28,2.9,36,No,South,mobile,0
6,0,17.8,3.8,54,No,North,mobile,0
8,0,4.91,2.1,48,No,East,desktop,0
7,0,29.6,3.9,41,Yes,South,desktop,0
11,2,22.23,2.8,27,Yes,North,desktop,61.12
15,4,22.5,3,26,No,West,mobile,90.75
12,3,25.88,2.6,41,Yes,North,mobile,53.81
10,2,14.45,4.1,46,No,West,mobile,50.12
8,1,18.43,4.3,43,No,North,desktop,26.39
11,2,44.03,3.5,26,Yes,West,mobile,68.83
12,1,50.45,2.8,46,Yes,North,mobile,29.03
8,1,20.16,4.8,43,Yes,East,desktop,36.27
12,1,40.95,2.9,25,Yes,South,mobile,28.81
12,1,36.28,1.8,29,No,East,mobile,26.16
7,1,26.3,3.9,46,No,South,mobile,23.5
12,0,22.09,2.6,35,No,North,mobile,0
8,0,14.08,4.3,57,No,East,desktop,0
4,1,15.33,3.2,44,No,North,mobile,24.43
5,0,7.45,4,32,No,West,desktop,0
12,1,30.72,4.6,38,No,North,mobile,29.78
9,2,20.45,2.5,39,No,South,mobile,59.96
9,1,31.33,3,29,Yes,East,desktop,19.29
7,1,12.14,3.4,27,Yes,South,mobile,28.6
8,0,21.01,4.7,46,Yes,North,mobile,0
11,1,44.57,3,48,Yes,East,mobile,25.47
8,2,29.64,3,45,No,East,mobile,57.4
11,1,40.06,3.9,56,Yes,West,desktop,26.08
11,1,36.75,3,31,No,South,desktop,27.76
7,0,20.07,3.6,58,No,South,desktop,0
12,0,39.9,2.3,27,No,South,desktop,0
8,3,33.67,5,26,No,North,mobile,100.03
17,1,32.33,2.4,18,Yes,East,mobile,31.7
7,1,11.21,3.2,33,No,South,desktop,20.42
12,0,45.8,3.5,32,Yes,South,desktop,0
9,1,20.1,5,44,No,South,mobile,30.26
11,3,20.99,2.4,41,No,East,mobile,51.67
9,1,0,5,24,No,West,mobile,23.21
7,0,14.56,4.1,33,No,East,mobile,0
21,2,39.89,3.8,34,No,South,mobile,49.63
5,1,34.48,2.7,18,Yes,East,mobile,17.88
15,1,31.94,4,26,Yes,East,mobile,18.18
7,2,15.57,2.9,29,No,North,desktop,41.12
12,1,33.41,4.5,55,No,North,desktop,29.86
11,2,42.74,2.7,40,No,North,desktop,48.44
11,1,34.88,3.4,46,Yes,South,mobile,23.39
12,0,53.23,3.1,20,No,West,mobile,0
7,0,12.7,2.7,52,No,South,mobile,0
12,0,19.37,4.1,54,No,South,mobile,0
7,2,24.74,3.9,18,No,West,mobile,53.18
8,1,12.12,4.5,30,No,West,desktop,34.09
4,1,5.56,2.1,44,No,East,mobile,18.38
12,1,43.58,4.4,46,No,North,desktop,27.22
12,0,42.07,5,30,Yes,North,desktop,0
16,2,26.49,3.1,34,Yes,North,desktop,38.01
7,0,25.23,5,31,No,North,desktop,0
12,0,19.37,3.3,39,No,North,mobile,0
10,1,29.66,2.4,52,No,East,desktop,32.49
9,0,34.06,3.3,29,No,North,mobile,0
11,1,37.8,4.3,50,No,North,desktop,37.21
8,1,23.41,2.8,29,Yes,North,mobile,24.69
13,0,44.49,3,28,No,East,mobile,0
11,4,41.16,4,48,Yes,East,mobile,99.25
12,0,33.73,3.5,49,No,East,mobile,0
9,0,26.1,4,48,Yes,North,mobile,0
16,1,53.83,3.7,22,No,South,mobile,30.31
13,2,41.5,3.9,32,No,North,desktop,62.95
9,1,24.79,3.2,48,Yes,North,mobile,23.62
8,1,17.97,3.7,38,No,West,mobile,24.18
16,0,43.69,2.8,25,Yes,West,mobile,0
13,0,28.03,4.5,43,Yes,East,mobile,0
11,1,33.59,3,29,Yes,West,mobile,30.41
6,1,11.04,4.4,60,No,East,desktop,37.71
4,1,29,3.3,57,No,North,mobile,27.32
13,0,11.95,3.7,45,No,West,mobile,0
5,0,8.82,3.1,54,No,North,mobile,0
8,2,17.87,2.7,39,No,East,mobile,58.6
10,1,32.09,2.1,47,No,North,mobile,14.58
9,2,23.74,2.7,56,No,South,desktop,45.2
13,0,42.88,3.2,41,No,East,mobile,0
17,4,31.34,3.7,35,No,South,mobile,105.51
8,1,7.71,4.3,18,Yes,North,mobile,28.45
16,4,42.35,3.1,37,No,South,mobile,103.79
5,1,2.09,2.8,48,No,South,desktop,12.66
10,1,15.94,2.3,49,Yes,West,mobile,23.32
7,2,27.11,3.9,44,No,East,mobile,30.2
9,0,13.62,4.6,32,Yes,South,desktop,0
6,0,30.57,4.5,18,Yes,North,mobile,0
7,1,38.49,4.1,32,Yes,West,desktop,15.78
6,1,0,4,34,No,North,mobile,23.02
12,3,18.55,4.9,34,No,North,mobile,79.07
10,0,0,3.8,45,No,South,desktop,0
5,1,7.06,4,62,Yes,West,desktop,28.58
7,1,31.08,3.2,39,No,North,mobile,27.26
5,0,12.54,2.4,35,No,North,desktop,0
10,1,35.73,3,35,Yes,South,mobile,24.52
7,0,1.58,3.5,39,No,North,mobile,0
9,0,28.84,3.5,28,Yes,East,mobile,0
11,4,12.76,5,39,Yes,South,mobile,89.12
9,1,31.78,3.6,43,No,South,desktop,34.31
10,1,26.42,4.4,41,No,North,mobile,20.4
12,4,14.33,3.2,43,Yes,North,mobile,120.71
10,1,20.11,3.3,43,Yes,West,desktop,17.94
14,2,37.87,2.4,18,Yes,West,mobile,52.65
10,1,31.02,2.9,46,Yes,North,mobile,33.97
11,2,37.05,3.9,30,Yes,North,mobile,52.18
8,0,25.8,3.5,25,No,North,mobile,0
12,3,31.05,4.3,25,No,East,desktop,95.1
9,0,0,3.6,43,No,East,mobile,0
7,0,15.06,3.2,35,No,South,mobile,0
9,1,26.95,5,18,No,East,desktop,31.15
13,1,51.84,3.4,44,Yes,East,mobile,24.34
10,1,35.75,4.4,21,Yes,West,mobile,25.42
11,1,37.11,3.2,40,No,North,desktop,20.74
7,1,23.38,4.1,41,Yes,North,mobile,24.27
12,0,19.14,4.2,49,Yes,North,mobile,0
14,0,41.4,3.7,59,Yes,West,mobile,0
8,0,22.49,1.6,22,No,East,mobile,0
9,1,16.21,3.5,37,No,East,mobile,37.27
10,0,26.59,4.5,35,No,North,mobile,0
9,0,23.55,3.9,43,No,North,desktop,0
15,1,55.6,3.9,41,Yes,North,mobile,30.48
9,0,0,2.1,34,No,East,mobile,0
19,2,59.53,2.9,33,Yes,North,desktop,48.92
11,2,15.2,3.8,25,Yes,North,mobile,51.4
9,0,7.23,3.8,50,Yes,East,desktop,0
11,1,37.24,4.5,44,Yes,North,mobile,30.28
7,1,21.39,3.4,49,Yes,South,mobile,24.65
9,1,26.24,3.8,34,Yes,North,desktop,18.57
9,1,27.5,3.5,30,Yes,West,mobile,23.79
12,1,51.76,2.7,25,No,East,desktop,18.69
12,1,27.5,1.7,42,No,West,mobile,18.85
7,0,15.99,3.8,26,No,South,mobile,0
10,1,37.93,3.6,60,No,West,mobile,28.4
10,1,42.55,3,22,No,West,mobile,33.9
13,0,35.39,2.2,41,Yes,East,desktop,0
13,1,28.52,4,57,Yes,West,desktop,31.76
6,2,15.41,3.3,45,Yes,South,desktop,54.65
11,1,2.47,3.9,40,No,South,mobile,34.31
6,0,14.45,5,26,No,North,mobile,0
11,2,0,1.8,21,Yes,East,desktop,35.13
15,2,46.93,2.9,47,Yes,East,mobile,32.44
11,1,44.62,3.3,56,No,East,desktop,27.35
10,2,17.47,4.7,33,Yes,North,mobile,52.32
8,2,35.76,2.2,24,No,South,mobile,36.98
8,1,2.38,5,18,Yes,North,desktop,22.39
7,0,30.75,3.6,26,No,East,desktop,0
15,1,52.69,3.4,37,Yes,North,desktop,33.84
7,2,0,3.3,57,No,West,mobile,47.29
12,2,59.56,3.2,46,Yes,North,mobile,57.02
13,0,30.06,4.3,42,No,North,mobile,0
13,2,24.46,2.6,33,No,West,mobile,35.62
12,1,18.68,3.8,31,Yes,South,mobile,30.97
16,0,36.29,3.2,55,No,North,desktop,0
8,1,18.31,2.9,40,No,South,mobile,24.86
7,0,17.78,5,18,No,North,mobile,0
7,2,17.92,3.8,30,No,West,mobile,63.65
8,0,28.01,4,28,No,East,desktop,0
13,2,30.06,4.4,31,No,North,mobile,61.46
5,0,0,2.4,45,Yes,East,desktop,0
9,0,19.3,4.9,37,No,North,desktop,0
7,2,0,1.5,37,No,East,desktop,11.6
15,1,41.32,2.9,54,No,West,desktop,35.11
7,0,10.02,3.1,30,No,West,desktop,0
4,0,15.17,4,60,No,South,mobile,0
12,2,49.37,3.7,30,No,South,mobile,41.47
7,0,8.34,3.4,39,No,North,mobile,0
9,0,30.81,3.5,35,No,East,mobile,0
13,0,11.57,2.7,39,No,South,desktop,0
8,0,36.86,2.3,43,No,South,mobile,0
7,1,12.71,4.1,43,No,West,desktop,37.58
13,1,26.63,4.1,29,No,North,mobile,21.46
13,0,38.37,4.8,25,No,North,mobile,0
11,0,21.38,2.9,68,Yes,North,desktop,0
14,1,14.13,4.1,32,Yes,North,mobile,31.26
13,3,21.61,3.3,46,No,North,desktop,79.2
12,1,32.41,4.5,19,No,South,desktop,31.66
7,3,36.93,4.3,35,No,South,mobile,77.96
8,1,0.27,3.7,36,Yes,North,mobile,33.7
13,0,34.86,3.2,44,No,East,mobile,0
11,2,38.99,4.3,18,No,North,desktop,34.36
9,1,20.79,4,40,No,East,mobile,25.35
12,2,45.3,3,24,No,South,mobile,40.33
16,5,33.33,2.4,42,Yes,South,desktop,110.89
10,0,27.48,3.3,26,Yes,West,mobile,0
12,0,36.83,4.7,28,Yes,North,desktop,0
8,1,22.19,4.4,35,No,South,desktop,32.46
11,0,19.29,2.6,25,Yes,West,desktop,0
9,0,30.84,2.6,32,No,East,desktop,0
14,0,43.07,4.5,24,No,North,mobile,0
11,0,15.84,2.6,18,No,South,desktop,0
18,3,36.66,3.9,50,No,East,mobile,83.6
10,0,39.69,3,22,Yes,West,mobile,0
6,0,0,4.8,36,No,North,mobile,0
8,1,21.72,2.9,47,Yes,North,desktop,22.1
11,1,12.26,4.4,31,Yes,South,desktop,31.15
9,0,11.81,3.6,28,No,North,desktop,0
5,1,17.5,3.7,41,Yes,North,mobile,35.77
12,0,24.3,1.9,51,No,North,desktop,0
7,1,21.27,1.7,24,No,North,desktop,25.92
8,2,0,3.3,36,Yes,North,desktop,59.3
15,1,62.02,3.7,18,Yes,West,mobile,19.85
14,1,34.19,2.6,33,No,North,mobile,27.18
8,1,26.16,2.6,38,No,North,mobile,25.81
5,0,20.12,3.9,28,No,North,mobile,0
4,1,0.97,4,33,No,West,mobile,30.21
7,2,28.05,3.4,21,No,East,mobile,56.71
8,0,12.64,4.1,39,No,East,mobile,0
6,1,0,2.6,51,Yes,North,mobile,23.63
19,4,68.78,3.2,25,No,West,mobile,121.1
8,3,12.07,4.8,31,No,South,desktop,80.16
8,1,16.97,3.6,44,No,North,mobile,30.69
7,0,11.12,3.6,53,No,East,mobile,0
7,0,20.03,5,20,No,West,mobile,0
12,3,23.89,2.4,36,Yes,East,mobile,94.04
7,0,23.01,4.1,41,No,West,desktop,0
6,1,0,4.8,37,No,West,mobile,26.63
14,1,24.16,3.2,18,No,North,mobile,26.58
5,0,7.75,4.2,44,Yes,South,desktop,0
8,0,41.75,2.7,56,No,North,mobile,0
13,5,36.02,3,39,No,West,mobile,157.14
11,0,28.84,3.8,26,No,North,mobile,0
6,1,19.39,4.1,32,Yes,West,mobile,21.42
8,0,25.15,4.4,59,No,South,desktop,0
5,0,10.15,4.8,49,Yes,South,mobile,0
8,1,15.75,3.4,46,No,North,desktop,28.82
10,1,45.16,4.5,42,No,South,desktop,28.59
11,0,33.99,3.2,30,Yes,West,mobile,0
8,0,23.68,4.2,36,No,North,mobile,0
15,0,50.72,3.7,37,No,South,mobile,0
7,0,12.56,3.9,45,No,North,mobile,0
12,3,28.01,3.8,56,No,South,mobile,77.71
10,3,15.26,2.2,51,No,North,mobile,63.43
9,0,21.36,2.6,21,No,North,mobile,0
9,1,17.37,3.6,41,No,West,desktop,27.53
9,2,25.27,2.2,47,No,South,mobile,66.76
6,0,5.83,4.2,45,No,North,desktop,0
17,3,38.13,4.2,30,Yes,East,desktop,74.75
11,3,26.15,3.8,73,No,North,mobile,124.26
10,0,10.62,2.6,23,No,North,mobile,0
7,0,36.97,4.6,25,No,South,mobile,0
9,3,13.96,5,41,No,North,mobile,100.66
6,1,0,3.6,63,No,East,mobile,29.8
7,0,19.32,3.9,28,No,South,mobile,0
7,0,11.72,3.7,35,No,East,mobile,0
13,1,33.84,3.9,51,No,West,desktop,29.25
11,1,31.65,3.4,38,Yes,North,mobile,19.11
9,1,37.67,3.5,34,No,South,mobile,25.33
9,4,27.84,4.2,45,No,South,mobile,95.75
10,0,27.5,5,41,No,North,mobile,0
13,1,26.61,2.4,50,Yes,West,mobile,25.07
12,1,47.13,3.4,53,Yes,East,desktop,28.5
7,0,4.85,2.6,42,Yes,South,mobile,0
13,0,33.73,4.8,42,No,South,mobile,0
12,4,29.35,3,41,No,North,mobile,94.78
10,2,33.42,2.3,44,No,East,mobile,55.06
5,0,2.55,4,39,No,East,mobile,0
15,2,17.49,4.9,38,Yes,East,mobile,45.85
8,0,13.23,4,52,Yes,North,mobile,0
10,1,32.68,3.7,56,No,East,mobile,22.86
13,2,49.34,3.8,20,Yes,South,mobile,65.29
10,1,8.43,4.6,38,Yes,South,mobile,36.05
13,4,56.39,2.8,30,No,South,mobile,79.88
13,1,56.74,3.4,34,No,South,desktop,27.6
8,0,12.08,3.1,43,Yes,East,mobile,0
10,2,16.37,2.6,46,No,West,desktop,51.99
3,0,4.03,3.2,37,No,North,mobile,0
10,1,27.11,4.4,18,Yes,West,mobile,34.19
14,1,37.66,4,26,No,South,mobile,22.49
7,0,13.16,4,49,No,East,mobile,0
12,2,43.98,3.6,18,No,West,mobile,53.37
11,1,19.41,3.9,52,No,South,mobile,27.82
6,1,0,2.9,44,No,West,desktop,29.29
13,1,40.75,3.3,54,Yes,North,desktop,27.85
12,1,17.59,3.7,36,Yes,North,mobile,11.04
13,2,25.47,3.7,18,Yes,East,mobile,39.45
12,0,57.55,3.8,43,No,West,desktop,0
16,1,36.3,3.4,53,Yes,West,desktop,26.91
4,0,0,3.2,49,No,East,mobile,0
13,1,17.57,5,30,Yes,South,desktop,31.7
13,0,30.49,4.2,39,Yes,South,mobile,0
8,1,22.15,3.8,32,Yes,West,mobile,30.64
16,1,46.2,3.3,28,No,South,mobile,29.44
11,1,16.31,3.1,49,Yes,East,desktop,18.91
8,3,37.05,3.4,24,No,South,desktop,55.13
12,1,38.59,3.7,27,No,East,desktop,26.75
12,2,36.13,2,25,No,South,mobile,61.13
8,0,11.42,2.2,20,Yes,West,desktop,0
9,1,34.1,3,40,Yes,East,mobile,27.82
8,2,19.75,3.7,52,No,West,mobile,45.69
16,2,54.07,3.3,36,Yes,North,mobile,60.63
9,1,10.34,4.7,20,No,East,mobile,26.6
4,0,0.23,2.3,48,No,East,mobile,0
6,0,22.9,2.9,58,No,East,mobile,0
9,1,13.6,4.7,30,No,West,desktop,29.85
7,0,9.03,3.6,32,No,North,mobile,0
13,3,16.54,4.2,44,No,North,mobile,85.62
13,0,27.99,5,57,Yes,South,desktop,0
12,3,25.91,2.9,32,No,North,mobile,76.77
9,3,19.6,3.4,22,Yes,West,mobile,40.07
8,0,20.96,3.3,46,No,North,desktop,0
8,0,0.75,1.9,48,No,South,mobile,0
7,2,0,3.3,38,No,North,desktop,48.63
9,3,25.66,4.2,31,No,South,mobile,93.45
6,0,3.93,3.9,50,No,South,desktop,0
10,0,42.52,4,44,No,North,mobile,0
10,1,27.89,3.2,29,No,South,mobile,29.55
11,1,33.61,3,39,Yes,South,mobile,9.53
6,0,30.07,4.5,22,Yes,West,mobile,0
10,2,27.02,3.1,46,No,North,desktop,50.27
8,0,25.16,3.7,35,Yes,South,desktop,0
13,0,23.28,3.6,33,No,West,desktop,0
9,0,50.86,4.7,38,No,East,mobile,0
13,1,52.53,4.3,38,No,West,desktop,24.74
11,1,30.46,2.5,49,No,West,mobile,14.65
7,1,17.93,2.5,45,No,South,mobile,30.92
11,1,33.37,4,36,No,East,mobile,26.15
10,0,24.06,3.4,47,No,North,mobile,0
6,0,7.48,3.1,43,Yes,South,desktop,0
9,3,34.06,4.3,33,No,West,mobile,95.53
3,0,8.16,3.6,37,No,South,mobile,0
12,1,33.06,3.5,36,No,East,desktop,40.15
7,1,3.48,4.1,44,No,East,desktop,30.27
7,3,6.93,3.2,34,No,North,desktop,69.38
9,0,24.12,4.8,33,No,West,mobile,0
13,2,46.08,2.9,62,No,South,mobile,45.61
8,1,14.4,4,49,No,North,mobile,19.24
13,1,48.87,4.6,29,Yes,West,mobile,29.23
7,0,5.9,2.4,45,No,South,desktop,0
10,1,16.71,3.2,39,No,East,desktop,22.37
14,0,31.84,4.4,43,Yes,South,desktop,0
9,1,21.81,4.4,40,No,South,mobile,37.14
13,2,44.74,3.4,52,Yes,West,desktop,37.16
10,0,11.09,2.9,42,No,East,desktop,0
16,3,48.21,4.3,37,Yes,South,mobile,65.21
16,0,63.33,4.4,51,Yes,North,mobile,0
10,2,35.1,2.6,41,No,West,desktop,51.71
10,1,36.81,2.5,39,Yes,North,mobile,22.04
6,0,6.21,3.7,42,No,West,desktop,0
19,0,57.24,4,37,Yes,South,mobile,0
12,3,52.13,3.3,38,Yes,East,desktop,66.57
9,0,23.27,4,31,No,West,desktop,0
12,0,30.41,2.9,29,No,North,mobile,0
8,0,0,1.8,26,No,East,desktop,0
9,1,4.8,3.2,21,No,East,mobile,29.26
13,1,28.17,3.6,27,Yes,East,mobile,25.22
9,0,13.35,3.3,36,Yes,South,mobile,0
5,0,13.01,2.6,39,No,East,mobile,0
9,0,17.83,2,35,No,East,desktop,0
11,0,36.29,3.1,18,Yes,West,desktop,0
9,1,10.75,4.2,57,No,East,mobile,23.02
10,1,20.4,4.5,51,No,South,mobile,25.78
10,0,32.97,4.5,43,No,West,mobile,0
18,1,41.05,2.8,61,No,South,desktop,28.03
15,1,30.56,2.6,26,Yes,North,desktop,22.04
11,3,20.68,3.9,61,No,South,mobile,68.28
13,3,47.71,4,26,Yes,North,mobile,76.7
12,2,41.63,3.8,41,No,North,mobile,45.69
10,0,0,1.9,23,No,North,mobile,0
9,0,22.35,2.8,38,No,North,desktop,0
15,1,49.16,3.5,43,Yes,East,mobile,26.61
14,1,43.42,3.9,36,No,North,desktop,24.15
10,1,14.12,4.1,47,No,North,desktop,33.11
11,2,29.07,3.6,39,No,North,desktop,37.66
19,3,53.64,3.8,32,Yes,North,desktop,72.22
12,2,33.55,3.6,31,Yes,North,desktop,72.22
17,1,15.88,4,48,No,East,desktop,22.33
13,2,5.49,3.8,30,No,West,mobile,51.45
11,0,46.65,3.6,49,No,West,mobile,0
12,0,15.83,3.3,53,Yes,West,mobile,0
16,2,53.84,3.6,18,Yes,North,desktop,69.4
11,0,24.18,3.9,52,No,North,mobile,0
8,0,0.85,3.7,63,No,North,mobile,0
9,0,29.01,3.8,41,Yes,East,mobile,0
6,1,14.63,4.6,45,Yes,North,desktop,31.08
5,1,5.16,3.7,50,No,East,mobile,32.94
5,0,17.94,3,35,Yes,North,mobile,0
12,2,31.16,4.2,40,No,North,mobile,63.49
6,0,17.05,2.4,22,No,West,desktop,0
20,2,60.69,2.6,40,No,East,mobile,51.01
16,2,44.36,3.8,44,Yes,West,mobile,61.21
3,0,0,3.9,44,No,East,desktop,0
11,4,30.26,2.5,51,Yes,West,mobile,73.7
8,0,48.48,3.2,29,No,East,mobile,0
11,1,34.09,3,32,Yes,West,mobile,29.38
8,1,39.28,3.1,61,No,North,mobile,17.43
8,2,37.24,4.3,36,No,East,desktop,65.48
9,0,25.75,4.1,40,No,East,mobile,0
7,1,19.04,3.5,37,No,South,mobile,30.35
5,0,7.37,3.1,28,No,West,desktop,0
8,0,8.4,2.4,57,No,West,desktop,0
5,0,9.61,4.6,32,No,South,mobile,0
13,1,40.76,4,24,No,South,mobile,25.57
10,1,20.8,2.9,33,No,South,desktop,24.84
8,2,19.33,4.1,18,No,West,desktop,48.3
